{"cameraMode":{"drawMode":0,"name":"Shaded","section":"Shading Mode"},"sceneLighting":true,"audioPlay":false,"sceneViewState":{"m_AlwaysRefresh":false,"showFog":true,"showSkybox":true,"showFlares":true,"showImageEffects":true,"showParticleSystems":true,"showVisualEffectGraphs":true,"m_FxEnabled":true},"in2DMode":false,"pivot":{"x":-20.37283706665039,"y":3.9585700035095217,"z":14.996013641357422},"rotation":{"x":0.02678072452545166,"y":-0.5396533012390137,"z":0.01715933158993721,"w":0.8413452506065369},"size":0.19608762860298158,"orthographic":false}