{"cameraMode":{"drawMode":0,"name":"Shaded","section":"Shading Mode"},"sceneLighting":true,"audioPlay":false,"sceneViewState":{"m_AlwaysRefresh":false,"showFog":true,"showSkybox":true,"showFlares":true,"showImageEffects":true,"showParticleSystems":true,"showVisualEffectGraphs":true,"m_FxEnabled":true},"in2DMode":false,"pivot":{"x":-31.45423126220703,"y":0.24712181091308595,"z":23.863754272460939},"rotation":{"x":0.1197744756937027,"y":-0.27039527893066409,"z":0.03392750397324562,"w":0.9546772241592407},"size":12.12435531616211,"orthographic":false}